0.028391204999934416,2113.330519086407
0.06410802300001706,1679.880889721508
0.10071207999999388,1639.162566052118
0.13744801200004986,1633.278284593639
0.17508566099991185,1594.1484549212944
0.2127746119999756,1591.978508499706
0.2515618939999058,1546.8988004910468
0.2888353250000364,1609.7257051487907
0.3267713590000767,1581.6097170288347
0.3628976560000865,1660.8400246497372
0.3995933280000372,1635.0702066467288
0.43492733399989447,1698.0808799387873
0.47093837100010205,1666.155851042394
0.50605649299996,1708.519607063346
0.54184820699993,1676.3656526773316
0.5774634639999476,1684.6712632164986
0.613874031000023,1647.873267117092
0.6499718390000453,1662.1507876589899
0.6868030830000862,1629.0516823144333
0.7237005770000451,1626.1266957606074
0.7615822879999996,1583.8777715207223
0.7992683739998938,1592.0995350954843
0.8379299799998989,1551.9272530994199
0.8748371090000546,1625.7021780195066
0.9124931439998818,1593.3700932739036
0.9480824620000021,1685.8991228715633
0.9841036559998884,1665.6860402847694
1.0192291210000803,1708.1624399754442
1.055025574999945,1676.143676136935
1.0904052589999083,1695.8885217873192
1.126607285000091,1657.365805982713
1.162612020000097,1666.447482532233
1.1996780029999172,1618.7348923213726
1.2366655490000085,1622.167634474912
1.274822259000075,1572.4626153537681
1.3126424080001016,1586.4559391333428
1.3516131280000536,1539.6174358614319
1.3884175489999961,1630.2389324394942
1.4260613439998906,1593.8881826385525
1.4635370660000717,1601.0365323904905
1.5017465369999172,1570.291302913945
1.5336413299999094,1881.1848065612046
1.5658661749998828,1861.9174118618603
1.5943937350000397,2103.229298252989
1.623469053000008,2063.605976727937
1.649951511999916,2265.650633130726
1.6770649059999414,2212.928414640517
1.7023589810000885,2372.097022707926
1.7278924299998835,2349.8588067942524
1.7517709859998831,2512.7147554483968
1.7764055309999094,2435.6041485619494
1.799671847999889,2578.8353180287445
1.8235525919999418,2512.4845356521278
1.846086097999887,2662.701489956598
1.8691194989999076,2604.9127525694676
1.8910722250000163,2733.145760563084
1.91351927300002,2672.957263689653
1.9348593950001032,2811.6052944667254
1.9569113919999381,2720.842017185521
1.9775002139999742,2914.202667830866
1.9986577839999882,2835.86442110131
2.0189828560000933,2952.019062943031
2.0398319379999066,2877.824548847635
2.0598520630001076,2996.9842845335675
2.079893802000015,2993.752188883261
2.099310646000049,3090.1005333253465
2.119150042000001,3024.2856183799577
2.1383316270000705,3128.000110511355
2.157655137999882,3105.025789598268
2.1765443270001015,3176.420120488093
2.195503775999896,3164.648930496379
2.213964580000038,3250.129300952329
2.232630228000062,3214.4611320176787
2.2508882719998837,3286.222773950227
2.269359389000101,3248.3146525082243
2.287274828999898,3349.066503567875
2.305566778999946,3280.131423923775
2.3233515429999443,3373.6742303696665
2.3414057330001015,3323.3282689213775
2.3590613300000314,3398.3557735395852
2.3769403129999773,3355.8955786345005
2.394491326999969,3418.605899353115
2.4123518710000553,3359.360162809674
2.4297795519999,3442.798844007704
2.4478257739999663,3324.7956275712136
2.465055485999983,3482.3565245862483
2.482615094000039,3416.932769786705
2.4999236080000173,3466.5020925583026
2.5175864450000063,3396.962786897573
2.5348254279999765,3480.483738518902
2.5523685260000093,3420.148482319809
2.569556207000005,3490.8723288508027
2.5870120649999535,3437.241526608276
2.6042449019998912,3481.725034607874
2.6216391979999116,3449.406633066933
2.638739014000066,3508.8096854058413
2.656175652999991,3441.0301205558103
2.673269376999997,3510.0601834907256
2.690692108999883,3443.7767854313274
2.707870779999894,3492.7032481129095
2.7252462740000283,3453.1392315830312
2.7423894240000664,3499.940209346983
2.759732729999996,3459.548023902889
2.7769248899999184,3489.9628668108708
2.794264810999948,3460.223377020975
2.811404783999933,3500.5889449215083
2.8288339749999523,3442.5005727422263
2.845996968999998,3495.8935486337723
2.8634489720000147,3438.0007842046884
2.880633529000079,3491.5069384550316
2.8982114699999784,3413.369062983145
2.915350869999884,3500.705975724415
2.93294370600006,3410.479129084072
2.9501720129999285,3482.6405171708507
2.967775110000048,3408.4911308273395
2.985061332999976,3470.972230327537
3.0027607320000698,3389.945613389593
3.020131850000098,3454.0091201903374
3.0377144789999875,3412.458967335152
3.055127784999968,3445.640936882844
3.0728459859999475,3386.348309293299
3.0903483540000707,3428.1075566219247
3.1081559300000663,3369.352459875213
3.1255847049999375,3442.582740349997
3.1433805100000427,3371.5811113711998
3.16092860699996,3419.1741702979775
3.178852693999943,3347.4508352953626
3.196348446999991,3429.403695847454
3.2142897209998864,3344.2441155711945
3.2319559430000027,3396.3118996016906
3.2500035709999793,3324.536609468998
3.267769375999933,3377.274488837216
3.2858351810000386,3321.1916103184444
3.303792704999978,3341.217865013147
3.3217520519999653,3340.878707897487
3.339608741999882,3360.0852117766162
3.3579532440001003,3270.7347410840766
3.375861236999981,3350.459205584894
3.394293343000072,3255.189613151274
3.4122966479999377,3332.721408677351
3.430625473999953,3273.532085467427
3.4487553409999236,3309.4561587295416
3.4671138530000007,3268.2387330600664
3.4852254390000326,3312.796571205558
3.50355014999991,3274.267190374863
3.521587517999933,3326.427669487231
3.540006342999959,3257.536786408195
3.5579583460000777,3342.2454307524195
3.5762071710000782,3287.8829184891683
3.5942459969999163,3326.1588088126446
3.612518155000089,3283.6843901762095
3.63061510600005,3315.475629023264
3.649084869000035,3248.5527832733987
3.667160205000073,3319.440368902332
3.685637259000032,3247.2709123506947
3.704025458999922,3262.962117029292
3.7223732429999927,3270.149681278641
3.7405568599999697,3299.6735468018305
3.7593195379999997,3197.8377500218176
3.7774875830000383,3302.5017276142094
3.7961447929999395,3215.914919771918
3.814535909999904,3262.444581267974
3.832911766000052,3265.154015111844
3.851319705999913,3259.4630360840697
3.8698736349999763,3233.8164062067444
3.8881791270000576,3277.704854900012
3.9069014409999454,3204.732064656092
3.925335213999915,3254.8952403883086
3.943963674000088,3220.878161664664
3.9622955719999027,3272.9835176153647
3.980965074000096,3213.797561358533
3.999282233000031,3275.617141294342
4.018096108999998,3189.1355082867503
4.036389049000036,3279.9539057077104
4.0549517280001055,3232.292063003122
4.073192011999936,3289.422467356212
4.0918335450000995,3218.6194128708803
4.110213776999899,3264.3766412009772
4.129033642999957,3188.1204680105056
4.1473185620000095,3281.3927149378037
4.166126917999918,3190.0714767570103
4.184802878000028,3212.6862554668037
4.203531650000059,3203.627018359756
4.222015944000077,3245.9990086687326
4.240917112000034,3174.406999617037
4.259433905999913,3240.301749881301
4.278236011999979,3191.131887023072
4.296760148999965,3239.017288635149
4.315465692000089,3207.6053605930147
4.333939725999926,3247.8017524775173
4.352659696000046,3205.1333415392696
4.371101490000001,3253.4795692949924
4.389926512000102,3187.2472711945975
4.408373827000105,3252.5058524771766
4.427312807999897,3168.069074078435
4.4457749660000445,3249.8909390505855
4.464711914999953,3168.409018807165
4.483226105000085,3240.7574946335803
4.502033315000062,3190.265860809377
4.5206160459999865,3228.804205380001
4.5394438289999925,3186.779877374866
4.558034528999997,3227.4201616930054
4.576905644999897,3179.4622003445515
4.5953858240000045,3246.721798509155
4.6142770960000234,3176.0698803097976
4.632798838000099,3239.436117820655
4.651713494999967,3172.1431692056326
4.670312164000052,3226.0373040526297
4.68921874900002,3173.497487785441
4.70764585500001,3256.0728743858244
4.726440721000017,3192.3611479845713
4.744876837999982,3254.481407343792
4.763558891999992,3211.6382920190817
4.782062300000007,3242.6458952832486
4.8008050829998865,3201.2321756264964
4.819335523000063,3237.9155594485196
4.838244867999947,3173.0342854482424
4.856785410999919,3236.1511742180915
4.875818974999902,3152.3260698865192
4.894315247999884,3243.896756933512
4.91314928099996,3185.722356956645
4.931621542999892,3248.1133063303682
4.950352608000003,3203.2348400715473
4.968709609999905,3268.5075700443313
4.987525361000053,3188.8177091379384
5.005848613999888,3274.5277271748887
5.024589261000074,3201.597041948673
5.043127930000082,3236.478303807676
5.061954097999887,3187.053254843024
5.080421620999914,3248.9468132739553
5.0991944560000775,3196.1075671030794
5.117635990000053,3253.525438831621
5.136302627000077,3214.290822708083
5.154545150000104,3289.0187393439824
5.173146631000009,3225.5496215761573
5.191482852000036,3272.2118696056364
5.210216884999909,3202.7273572329973
5.22857774199997,3267.8213222726467
5.247360368000045,3194.4415014046085
5.26574054799994,3264.38587654441
5.284564580000051,3187.414896003413
5.302944655999909,3264.404347428428
5.321592960000089,3217.4507665372516
5.339900847000081,3277.276072330304
5.3586401410000235,3201.828201221644
5.376848184999972,3295.2468700191475
5.395698519999996,3182.9673053514202
5.41404151200004,3271.0039888725696
5.432741481999983,3208.561297166894
5.451172130000032,3255.4471226319083
5.469911943999932,3201.739355594393
5.488212697000108,3278.5536201391856
5.506816105000098,3225.215508902049
5.525028212000052,3294.511722347769
5.5437312550000115,3208.0341150972013
5.561958362000041,3291.8005034974653
5.580760519000023,3191.1232312365964
5.599254343999974,3244.3261467090106
5.6179115550000915,3215.9147473660787
5.636378556999944,3249.038474164925
5.65504295400001,3214.6765845040695
5.673295893999921,3287.1416878755954
5.691818625999986,3239.2629769620194
5.710022137999886,3296.0672644009355
5.7285977340000045,3230.044408783234
5.7468410910000784,3288.8683809540516
5.765533977999894,3209.777066570408
5.7838377509999646,3278.0126807608817
5.802446889000066,3224.222422321346
5.820754880000095,3277.25745549611
5.839286414000071,3237.7244107302404
5.857487009999886,3296.5953422959174
5.876026980999995,3236.251016770539
5.894204608000109,3300.760874872427
5.912724995999952,3239.672948564038
5.930983873000059,3286.0728510108615
5.9494693649999135,3245.7886433573417
5.96769287799998,3292.4497049378842
5.986355972999945,3214.9008511241827
6.0045605800000885,3295.869007198424
6.023160655000083,3225.793444382169
6.041321824000079,3303.752087765667
6.059872054999914,3234.4610695431184
6.078045151999959,3301.583654115382
6.096460278999984,3258.1909426916436
6.114625926999906,3302.9375005096354
6.133154855999919,3238.179605521645
6.151303265000024,3306.074929193685
6.169676621999997,3265.5981157982073
6.187785604000055,3313.2729382473294
6.2062109910000345,3256.3766503285588
6.224269713000012,3322.4942495971372
6.242668276999893,3261.124074704324
6.260753092999948,3317.700329371186
6.279376292000052,3221.7880504668965
6.297447722000015,3320.1578403104186
6.315930557999991,3246.2550660558413
6.334070737000047,3307.5748590911658
6.3523601879999205,3280.579608453851
6.370398597000076,3326.235700691976
6.388588203999916,3298.586934864903
6.4065568729999995,3339.1454870542198
6.42497871899991,3257.0025827103673
6.443017075999933,3326.24528940874
6.461523712999906,3242.0801250971276
6.479683007999938,3304.0930278347014
6.49815188499997,3248.708624779719
6.5161252939999486,3338.2648778577445
6.534559431999924,3254.830792743396
6.55251039299992,3342.4394382011424
6.570966405000036,3250.9731788007966
6.588983929000051,3330.091304440552
6.607228639999903,3288.6243032562484
6.625247674000093,3329.8122418420057
6.643625353000061,3264.830123548429
6.661673188999885,3324.498294454109
6.680061494000029,3262.943484977534
6.697964486000046,3351.3951187567527
6.7162139370000205,3287.7701362131265
6.734175053999934,3340.549476977918
6.7523755980000715,3296.604760799809
6.770341402999975,3339.6777934705724
6.78864991599994,3277.164016548664
6.806706293999923,3322.9255612646502
6.825161317000038,3251.1473976286024
6.8432035799999085,3325.52518497439
6.861559800999885,3268.6466348426115
6.879497532999949,3344.904472861227
6.897953910000069,3250.9088863761463
6.915880392999952,3347.0034250662584
6.934242863999998,3267.5340916726404
6.952299293999886,3322.9159917200095
6.970543588000055,3288.6994695132294
6.988461007000069,3348.6965951933807
7.006643895000025,3299.8058394324457
7.0245446999999785,3351.804569691404
7.042872952999915,3273.6344265986218
7.060713133000036,3363.194765949261
7.079170707999992,3250.6978842096396
7.097160054999904,3335.307279374574
7.115401691999978,3289.1784876410716
7.133502965999924,3314.683817292586
7.1516940829999385,3298.3131272230835
7.169722804999992,3328.0229180871147
7.187814182000011,3316.497135620883
7.205721967000045,3350.4981213414244
7.224034542000027,3276.4370930936716
7.241961856999978,3346.8480918733026
7.260277454000061,3275.8964941044255
7.27831898799991,3325.6595586884264
7.296521302999963,3296.284016611328
7.314417472000059,3352.6728541554326
7.332582026999944,3303.1362453074444
7.350457363000032,3356.5802623068835
7.368639261999988,3299.985331573261
7.386574337999946,3345.39981877639
7.404843162999896,3284.283471989246
7.422739906000061,3352.5653242853905
7.441007741000021,3284.4614591783647
7.458908755000039,3351.765436301093
7.477088569999978,3300.3636175725514
7.495013854000035,3347.227301938897
7.513191169000038,3300.8175299812597
7.531119422000074,3346.6729859221705
7.549336841000013,3293.5510787890416
7.567222699000013,3354.605633120938
7.585458606999964,3290.211817265131
7.603316287000098,3359.89893421489
7.621540946000096,3292.242669671217
7.639211490999969,3395.481010938227
7.657364692000101,3305.202206462863
7.675187631999961,3366.447959790666
7.693378593000034,3298.341412515766
7.711278357000083,3351.999501213319
7.7295672860000195,3280.673242277224
7.747506319999957,3344.6617025314695
7.765672854000059,3302.7764129174952
7.78342912800008,3379.087301757581
7.801456912000049,3328.196077793217
7.819185165999897,3384.4280435350342
7.837266022999984,3318.426775883109
7.855114796999942,3361.5754224990733
7.873358361000101,3288.8310639016827
7.891112813000063,3379.4340709657263
7.909246273999997,3308.800234010403
7.9270607769999515,3368.042319235877
7.945103925000012,3325.362070953373
7.962869418000082,3377.3338009681966
7.98099314000001,3310.5782576139704
7.998887851000063,3352.9460185090647
8.017049801999974,3303.6098379680852
8.034880189999967,3365.0417478309187
8.052929692999896,3324.1912533677632
8.070586748000096,3398.07516028699
8.088568854999949,3336.6501489782167
8.106386014999998,3367.540056879597
8.124458225999888,3320.014357975699
8.14237976000004,3347.927694107618
8.160563377000017,3299.6735468018305
8.178327254999886,3377.640850744596
8.196506706000037,3300.429699417315
8.21427193799991,3377.3834195030367
8.23229774299989,3328.561470628851
8.24999880900009,3389.626364837182
8.268033311999943,3326.9561129845183
8.285943179000014,3350.1086300507604
8.303982370000085,3326.09150819261
8.321869217000085,3354.4201501807893
8.339909760999944,3325.842058890657
8.35754301399993,3402.6620045688464
8.375574600999926,3327.494135708288
8.393318061999935,3381.527425791911
8.411310273000026,3334.776365155702
8.42905649499994,3381.0013196211485
8.447168133000105,3312.787059870379
8.464955866000082,3373.111121022353
8.48302364999995,3320.827833697727
8.500715079999964,3391.4725943552457
8.518660468999997,3343.477257577926
8.536246483000014,3411.802128665579
8.554239215000052,3334.6798029265688
8.571967416000007,3384.4381615570724
8.590030251999906,3321.7375167628793
8.607785640999964,3379.2557290523773
8.625881705999973,3315.637957753288
8.643647614999963,3377.2547185754247
8.661564879000025,3348.725564338053
8.679232298999978,3396.081601057846
8.697285395000108,3323.5296593762046
8.714986773999954,3389.5664287242125
8.733076380000057,3316.8218257300687
8.750704061000079,3403.73756479516
8.768822886999942,3311.4728294455776
8.786343587999909,3424.5205143398066
8.80429876800008,3341.6540518906427
8.821907490000058,3407.4023089283633
8.839670847999969,3377.739726931166
8.85733456999992,3396.792589928835
8.875235271000065,3351.8240430649466
8.89285060799989,3406.122744094948
8.910871412000006,3329.485188319742
8.928475238999908,3408.349786687406
8.946372138000015,3352.5361013459506
8.964154504999897,3374.1289897120914
8.982161612000027,3332.017741637535
8.999844658000029,3393.080581252431
9.017841608000026,3333.898243869653
9.035672205000083,3365.0023047354966
9.0537075929999,3326.7928586072226
9.071414961000073,3388.4200068248606
9.089509723999981,3315.8765329120033
9.107195893999915,3392.4812438320687
9.125230970000075,3326.850410803208
9.142880212999899,3399.5792341122146
9.160964923999927,3317.719591974959
9.178618178000079,3398.8068148503576
9.196493670000109,3356.550969332696
9.214143434000107,3399.478882550891
9.231940437000048,3371.354154415624
9.249509731999979,3415.0488110216343
9.267365745999996,3360.212419185047
9.285049311999956,3392.9808048974282
9.303004179000027,3341.7123056250807
9.320827952999934,3366.290438843698
9.338817247999941,3335.316920422825
9.356475865999982,3397.7743898112312
9.374402659999987,3346.9453601120686
9.39223804900007,3364.098198234926
9.410133488999918,3352.80943081095
9.427814607000073,3393.450572496258
9.445850932999974,3326.6198448801906
9.48148176199993,1683.9349991007502
9.499053504999893,3414.5730449238295
9.517025299999887,3338.5646787101664
9.552491754999892,1691.7394196851972
9.57019974700006,3388.3006045760585
9.58825534399989,3323.069295386166
9.605943389000004,3392.121627891312
9.62399924600004,3323.02144394925
9.642487498000037,3245.304099057527
9.659797678999894,3466.1682625095327
9.677389317999996,3410.711190677108
9.69554704999996,3304.377440977833
9.713006813999982,3436.4725662913456
9.731085795999888,3318.770935239103
9.748757381999894,3395.280989492406
9.766765426999882,3331.8441840877663
9.78426701400008,3428.260534277507
9.80228771499992,3329.504218538929
9.819813467999893,3423.5333568887895
9.837886460999925,3319.870704309578
9.855553047000058,3396.2419224377118
9.873569217000068,3330.341576481966
9.891363876000014,3371.798245764668
9.90931541000009,3342.3327499335314
9.926976944999979,3397.213209405604
9.944840874999954,3358.723416408428
9.96236345200009,3424.1538787093814
9.980275871000003,3349.6313367999987
9.997935999999982,3397.4836763692156
10.015886649000095,3342.497533076487
10.033436255999959,3418.8799783643913
10.051408363000064,3338.506720422326
10.068963961000009,3417.7132559192737
10.086766796999882,3370.249549028402
10.10440109199999,3402.4609432719253
10.12228908499992,3354.2052481925116
10.140056296000012,3377.007229761148
10.157920382999919,3358.6938980039577
10.175708532000044,3373.032236213938
10.19358709700009,3355.974039294787
10.211283945000105,3390.4342739425715
10.229186000000027,3351.5705320009665
10.246842846999925,3398.1151901211733
10.264758860000029,3348.959391782798
10.282515446999923,3379.0277377266807
10.300379533000068,3358.6940859729757
10.318071328000087,3391.4026247724523
10.336003018999918,3346.0313363958144
10.353622573999928,3405.30734175552
10.371524732999887,3351.5510615304256
10.389181371999939,3398.1552208109633
10.40718420799999,3332.8082308715907
10.424806107999984,3404.8541871204725
10.442794881000054,3335.4137049684427
10.460438604000046,3400.64282351448
10.478266179999991,3365.5725265277083
10.495875526999953,3407.2813716562837
10.513836071000014,3340.656051386574
10.531432919000054,3409.701555634633
10.549425702999997,3334.6701655612574
10.56699077899998,3415.8690802168744
10.584879553000064,3354.058808038844
10.602327910999975,3438.7189900796234
10.620140643000013,3368.3771809888704
10.637777543000084,3401.958394035251
10.655571837000025,3371.867408743412
10.6732963930001,3385.1341607509976
10.691236052000022,3344.545177824323
10.708860503000096,3404.3613613693383
10.726657922999948,3371.2751623830986
10.744295603999944,3401.8077546595746
10.762190939999982,3352.828915862396
10.779697788000021,3427.2303043852326
10.797693071999902,3334.206895562109
10.81516939800008,3433.2158829829614
10.833168797000098,3333.4446333423953
10.8506749149999,3427.3732189330512
10.868486606000033,3368.574044965749
10.886126317999924,3401.416077562419
10.903837955999961,3387.6031115741225
10.921431886999926,3410.2668698723332
10.939425192000044,3334.573609440059
10.957139746999928,3387.0452856643988
10.974942843999997,3370.2001398839266
10.992647452000028,3388.9482331320287
11.01046674600002,3367.136767597409
11.028052500000058,3411.852571113562
11.0459465859999,3353.063129378601
11.063508276999983,3416.5274858621324
11.08139465499994,3354.508106680005
11.098981346000073,3411.6707912560423
11.11684173499998,3359.3893167899855
11.134569675999956,3384.4877981082386
11.152428917999941,3359.605071707264
11.170036494999977,3407.623888277185
11.188093653999886,3322.7818396184225
11.205669824000097,3413.7129988660076
11.223582244,3349.6311498014857
11.241141955000103,3416.9127270742747
11.25890099000003,3378.561954534622
11.276498827000069,3409.5099301048076
11.29435416299998,3360.340012660513
11.311876374999883,3424.2252062884877
11.329869420000023,3334.6217941174173
11.347426422999888,3417.4397532688445
11.365256603000034,3365.0810030805915
11.382854232,3409.550229756422
11.40066383899989,3368.9682203751195
11.418176571999993,3426.078613751848
11.435954460999938,3374.978885298889
11.45357037000008,3406.012145017121
11.471354040000051,3373.8817690665533
11.48890146000008,3419.306086017433
11.506674817999965,3375.839275863661
11.524208487999886,3421.987524589629
11.542017001999966,3369.1749912277564
11.559664109000096,3399.9907180003247
11.577477727000087,3368.2096472502208
11.595163376000073,3392.5811826326667
11.613130744000046,3339.387271418517
11.63077363299999,3400.803575887688
11.648626781000075,3360.7518404996244
11.666233940999973,3407.704592924049
11.683965735999891,3383.7521807734647
11.701480031000074,3425.773061340689
11.719380783999895,3351.814306392466
11.73696153800006,3412.8229084736354
11.754755312000043,3371.9659471934406
11.772302158999992,3419.417744975805
11.790220881000096,3348.4530872040805
11.8078925719999,3395.2608157681307
11.82587467899998,3336.6501489360267
11.843457932000092,3412.337864877392
11.861405611999999,3343.0504667072537
11.878924073999997,3424.9581955314475
11.896714828000086,3372.5383420905364
11.91426105000005,3419.539545328988
11.932055708999997,3371.798245764668
11.949437192000005,3451.949410759217
11.967274403999909,3363.7543804672537
11.984771406999926,3429.1586964889057
12.002644348000103,3357.030048910407
12.020122549999996,3432.847383293064
12.037992416999941,3357.6075300496154
12.055491817000075,3428.68898359616
12.073352256999897,3359.3797241611946
12.090893114999972,3420.5852415967265
12.108758555999884,3358.4393466857887
12.126368371999888,3407.1906259547027
12.144287823000013,3348.316865264487
12.161731441000029,3439.653402175282
12.179505371000005,3375.730634703856
12.197019510000018,3425.803575040352
12.21486989899995,3361.2712865937365
12.232316954999988,3438.9756071094084
12.250149477999912,3364.6388679971906
12.267706637999936,3417.40919373738
12.285524735000081,3367.362968083068
12.303035072000057,3426.5474159681808
12.320845982000037,3368.7217553772884
12.338352307999912,3427.3324968601646
12.35610728000006,3379.335095515777
12.373558034000098,3438.2468516758854
12.391416912000068,3359.673547246407
12.408938289999924,3424.3881959794453
12.426670501999979,3383.672606655766
12.44433537000009,3396.5722245772604
12.462228466999932,3353.2484622718043
12.47970718900001,3432.7452544718126
12.49756013000001,3360.7908075199825
12.51510301899998,3420.1892288154354
12.532882574000041,3374.662639182708
12.55043410899998,3418.5044214201016
12.568062987000076,3403.5064511577807
12.58560723100004,3419.9250762884
12.603326681999988,3386.1094229260125
12.620860455999946,3421.967227371856
12.638613501000009,3379.701904647153
12.65626076500007,3399.9604697811637
12.673989278999898,3384.3784087365484
12.691565031999971,3413.7939921975603
12.709378441999888,3368.2489764890393
12.726925965999953,3419.2858205965367
12.744720782000059,3371.768497052486
12.762250858000016,3422.6890973060404
12.780209163000109,3341.0725566633205
12.797716688000037,3427.097776541589
12.815546398999913,3365.169519596542
12.833130537999978,3412.1659297495908
12.85089592700001,3377.353572155889
12.868484024000054,3411.398060850565
12.886368996000101,3354.7718162400197
12.90384131199994,3434.003826427573
12.921560241999941,3386.208986659856
12.939036829000088,3433.164610429766
12.956910759000039,3356.844297821784
12.974380367000094,3434.5361384072444
12.992233619999979,3360.7320750110603
13.009813332000022,3413.02519630896
13.027545804000056,3383.6229940125727
13.044991974999903,3439.1500576560256
13.062734185999943,3381.765666063963
13.080176867000091,3439.838176223692
13.097935224999901,3378.690755116103
13.115441134000093,3427.4141376686466
13.133443294000017,3332.933381341718
13.15102071399997,3413.470236255533
13.168895268999904,3356.726922724438
13.186307688999932,3445.8162621797564
13.204168338000045,3359.3404136445706
13.221596071000022,3442.788571530209
13.239322553999955,3384.766171621666
13.256784035999999,3436.1344586815644
13.274629790000063,3362.1442949278658
13.292158928999925,3422.872053240747
13.30994181699998,3374.0301350270356
13.327385383000092,3439.663655907205
13.345255095000084,3357.636653574798
13.362709129999985,3437.6005319309634
13.38068561199998,3337.6942162553332
13.398203604999935,3425.0498901415995
13.416028211999901,3366.133121482833
13.433458757999915,3442.232962751213
13.45117930299989,3385.900377222359
13.468646515000046,3435.0072581396594
13.48643148699989,3373.6347743771203
13.504042084000048,3407.0395228205134
13.521771899999976,3384.1298747963915
13.539372184000058,3409.035899632109
13.557225021000022,3360.8103854934116
13.574660983000058,3441.1637281542776
13.592319393000025,3397.814412515693
13.609848323000051,3422.912864613611
13.62762813900008,3374.6131006024516
13.645137747000035,3426.6900778221193
13.662778656,3401.1852790646126
13.680299826999999,3424.42865262859
13.697967037999888,3396.1217761183125
13.715400084000066,3441.73932652883
13.733166618000041,3377.1359118264104
13.75070721599991,3420.6359441365335
13.768485886000008,3374.830625669386
13.785947524999983,3436.103563937155
13.803730517000076,3374.010402731201
13.821148197999946,3444.7754554953876
13.838872076999905,3385.2634629325853
13.856376528000055,3427.6996176279013
13.874272646000009,3352.682408562385
13.891722514000094,3438.4214252914167
13.909631651999916,3350.24499786613
13.927077042000064,3439.3040224088204
13.94484128399995,3377.571640849605
13.962224070000048,3451.6906553219105
13.979990812000096,3377.0963747790584
13.997572242999922,3412.6914925522365
14.015434142000004,3359.10532243669
14.032877135000035,3439.7766484164545
14.050744138000027,3358.145739384859
14.068271559000095,3423.2075557360813
14.085986218000016,3387.025400842731
14.103412648999893,3443.045796378291
14.121176631000026,3377.6210761500524
14.138514573000066,3460.618336355095
14.156268763000071,3379.483941536208
14.173861287999898,3410.539419474423
14.191699279999966,3363.607293902328
14.209174045000054,3433.522568097329
14.227065265999954,3353.600070131378
14.244558051000013,3429.9855626076173
14.262390574999927,3364.6386793192846
14.279918151999937,3423.177088308687
14.297696248999955,3374.939398740903
14.31512950199999,3441.698459827171
14.332794266000064,3396.5922216537633
14.350304968000046,3426.4759916572025
14.367914263000102,3407.291433291746
14.385393714999964,3432.6018916654803
14.403163166000013,3376.581527467212
14.420581628000036,3444.6210004028944
14.438316339000039,3383.195813001439
14.45566901999996,3457.67896040247
14.473568628000066,3352.028714798738
14.49109354799998,3423.6960853626297
14.508943675999944,3361.320434235662
14.526486877000025,3420.128401864909
14.544294244999946,3369.391815807048
14.561717498999997,3443.673609982774
14.579328044000022,3407.049583071664
14.596773277000011,3439.334974777136
14.614378041000009,3408.1683798775834
14.631853169999886,3433.451049226783
14.649617932999945,3377.4725843401284
14.666969467999934,3457.907326356918
14.6847480859999,3374.840496607537
14.702078631999939,3462.095193069169
14.719727040999942,3399.7398859007353
14.737174305000053,3438.934608865733
14.754961204999972,3373.2690913128677
14.772332427000038,3453.988441329841
14.790164639000068,3364.6975484532236
14.80749007999998,3463.1153111950034
14.82519822900008,3388.2705640019662
14.842624659999956,3443.045796378291
14.860239683999907,3406.1832672021983
14.877771115000087,3422.4245584622067
14.895503221999888,3383.6926429933856
14.912878298999885,3453.2221065846493
14.930679937999912,3370.476167947809
14.948028399999885,3458.5198388245954
14.965783112000054,3379.3845824944146
14.983158604999971,3453.139430362304
15.000846181000043,3392.2115726744278
15.018341362000001,3429.5158192500376
15.035952427999973,3406.9487900445506
15.053374953000002,3443.8177015042274
15.071104403999925,3384.199544602994
15.088376824000079,3473.7460066085264
15.106106744000044,3384.110024191748
15.123453279999922,3458.903841114136
15.141133824999997,3393.560549165383
15.158651297000006,3425.151757055494
15.176359133999995,3388.330263037616
15.19377832500004,3444.476841653935
15.211589494999998,3368.6725801919833
15.22896660299989,3452.818501235925
15.246688449999965,3385.6516197067444
15.26421764099996,3422.861899332374
15.281964488000085,3380.882249087655
15.299260086000004,3469.0908056652247
15.316916829000093,3398.1352053262963
15.334283988999914,3454.79629373004
15.351873074999958,3411.206244591177
15.369276954000043,3447.507305682082
15.386923645000024,3400.0708688139957
15.40427398199995,3458.1460867450824
15.42200426699992,3384.040358070934
15.439374759999964,3454.1333973565397
15.457094732000087,3386.009865003438
15.474496215000045,3447.981990968556
15.492180666999957,3392.8108148501233
15.509678243000053,3429.046400465428
15.527412694000077,3383.2454131181794
15.544780115000094,3454.7443745355495
15.562526702000014,3380.931781433344
15.579839069999935,3465.730395765308
15.597523261000106,3392.860889108182
15.614986410000029,3435.8064516465543
15.632670080000025,3392.96085032186
15.650151094999956,3432.2949783087165
15.667844348000017,3391.12315862957
15.68519682100009,3457.7204067538705
15.702865281999948,3395.8815088922684
15.720354317000101,3430.721020312101
15.738014549999889,3397.463668838418
15.75538118899999,3454.8999377282266
15.773046264999948,3396.5322311743475
15.790447644000096,3448.002597925668
15.808080376999897,3402.762351172651
15.82547670300005,3449.0041172758465
15.843237508999891,3378.225064815968
15.86063394000007,3448.9833000447984
15.878482504999965,3361.614785298082
15.895956280000064,3433.7170988902735
15.91367000199989,3387.2045638172526
15.93098622399998,3464.9590424335456
15.94864978999999,3396.8225895023365
15.966053772999885,3447.486704644746
15.983794109999963,3382.1228987779614
16.001227207000056,3441.7292578408346
16.018928324999933,3389.6164073035584
16.036385798000083,3436.9235455490043
16.054031655000017,3400.231567116535
16.07139204500004,3456.143554374364
16.08915368299995,3378.066820205505
16.10658787500006,3441.513091035263
16.124288523999894,3389.706219278171
16.141755058999934,3435.1403984742265
16.159453884999948,3390.055362991379
16.17694219100008,3430.864029915012
16.194547995999983,3407.9668609490536
16.212002759999905,3437.4569601897015
16.229683045,3393.6104536590665
16.247022287999926,3460.3586788802227
16.2648307500001,3369.184829066582
16.282192597999938,3455.8533170296246
16.299844549,3399.057701881813
16.3172863960001,3440.0026556623084
16.33501110799989,3385.1043673212052
16.352419205999922,3446.6717730959213
16.37009579200003,3394.3206001225076
16.387581442000055,3431.3851644011397
16.40534131000004,3378.403488136956
16.42276399000002,3443.787063761934
16.440417556000057,3398.7467461180136
16.457872840999926,3437.3543600376715
16.47559536499989,3385.522287915693
16.49296580700002,3454.14353875139
16.51068916400004,3385.3631679327755
16.52804653299995,3456.7450862115247
16.545764837999968,3386.328432654447
16.563116321000052,3457.9176892090077
16.58083249099991,3386.7365237792114
16.598241213999927,3446.5480322676153
16.615988737999942,3380.753281412644
16.633417043999998,3442.675381061509
16.651089046999914,3395.2008722658766
16.668531519,3439.8793932253407
16.68621909600006,3392.2113808914773
16.703531673000043,3465.688556940694
16.721246384000096,3387.0154584977154
16.738621878000004,3453.1392316282186
16.756321640999886,3389.8758983608427
16.773804843000107,3431.8656273170295
16.79150887800006,3389.0579181618323
16.80885259999991,3459.465044499522
16.826556166000046,3389.1477004992767
16.84394806599994,3449.8818415681094
16.86163121499999,3393.060817382241
16.879138999999896,3427.046882305138
16.896759441000086,3405.136114320444
16.91418045499995,3444.1163987621567
16.93183053100006,3399.4187900170705
16.94915878500001,3462.55312278873
16.96693183000002,3375.8987275369705
16.984324771000047,3449.6753596710255
17.00195057699989,3404.099648012617
17.019362580999996,3445.898588102259
17.03707062600006,3388.290463446773
17.054504972999894,3441.4824943296403
17.072267496999984,3377.898321189804
17.089604344999998,3460.8367103381806
17.10736629600001,3378.0072921021883
17.124733247999984,3454.837671002195
17.142375667999886,3400.893981683557
17.15969746299993,3463.844249389243
17.177350195999907,3398.9071267365584
17.194859751999957,3426.700254411287
17.212611129999914,3380.0192863982006
17.230114592000064,3427.893293308873
17.24784722000004,3383.593227133669
17.265147922000097,3468.0673651163324
17.282793102999904,3400.361832539779
17.30018094000002,3450.6879722649696
17.31781398499993,3402.7021425001526
17.335281718000033,3434.904804169241
17.352916481999955,3402.370454192917
17.370459370999924,3420.1892288154354
17.38808710300009,3403.727717181084
17.405569732000004,3431.9781081148094
17.42321907900009,3399.559201805116
17.440536604000044,3464.698333056399
17.458284284,3380.723565003777
17.475676340000064,3449.850897431827
17.49331568699995,3401.486460943757
17.510720502999902,3447.3217068288636
17.528376986000012,3398.18524445819
17.545733157000086,3456.983686075926
17.563395576999937,3397.042987342888
17.58093554900006,3420.7580262717315
17.598633697999958,3390.1850414043815
17.616156535000073,3424.1030718716447
17.633826246999888,3395.641083489493
17.651135073999967,3466.4394068833362
17.668786140000066,3399.228125919698
17.68613460200004,3458.5198388245954
17.703869053000062,3383.2454131181794
17.721259807000024,3450.109178712535
17.738939258000073,3393.7705418473356
17.75639282399993,3437.6929047328936
17.77403295299996,3401.335670498948
17.79136365499994,3462.064029493175
17.809138262000033,3375.6020597073652
17.826461723999955,3463.5109310292537
17.844183362999956,3385.6913573285083
17.86166729399997,3431.7225342486067
17.879320650999944,3398.7869842600103
17.896676926000055,3456.962971583251
17.91416226299998,3431.4465886620123
17.931578590000072,3445.043263122233
17.94922851000001,3399.448836040311
17.966554837000103,3462.938221106107
17.984294027000033,3382.341583817477
18.00168769800007,3449.5305792477707
18.019397200999947,3388.011510001877
18.03669727800002,3468.1926560065654
18.054362145999903,3396.5722246209793
18.07161915000006,3476.8491679930517
18.089299851000078,3393.530607182407
18.106567271999893,3474.751672565525
18.1242123479999,3400.3820669275033
18.141574455999944,3455.8015651009296
18.159339115999956,3377.4921670305353
18.17666434900002,3463.1568879780552
18.194443382999907,3374.7615309348753
18.211782574999916,3460.3688568631346
18.229527025999914,3381.338763312797
18.246828143999892,3467.9839765313295
18.26452775200005,3389.9055843195492
18.28184751599997,3464.2504366844423
18.299481290999893,3402.561278017062
18.31680772200002,3462.9174351921924
18.334444724999912,3401.9385266517156
18.351886052000054,3440.105216736682
18.369598420000102,3387.463494425949
18.38691188200005,3465.511403795645
18.404565030999947,3398.827030823058
18.421973284999922,3446.6408865638086
18.439683153000033,3387.941683112735
18.457064011000057,3452.0735397479707
18.474776066000004,3387.523356277903
18.492199736999964,3443.5911927019392
18.509770646000106,3414.735116977466
18.527165566999884,3449.282695837961
18.544816059999903,3399.3384773974726
18.562237178000032,3444.0958381404967
18.579910431999906,3394.960543226973
18.59719446700001,3471.4116234805333
18.614866469999924,3395.2008722658766
18.632173318000014,3466.8357866025285
18.649831050000103,3397.9448776149884
18.667141855999944,3466.0431178392405
18.68483531800007,3391.0831017455403
18.702263206999987,3442.7577545553604
18.71987286700005,3407.2208094755388
18.737247630999946,3453.284315134154
18.754850728000065,3408.4911308273395
18.772207367999954,3456.8902737156313
18.78982515200005,3405.6496548985824
18.807239134999918,3445.5069813982227
18.82487718099992,3401.7373579813607
18.842313298999898,3441.132940260923
18.85992155200006,3407.493065862197
18.87723464999999,3465.5842645976873
18.89485545599996,3405.0655798667053
18.91220589699992,3458.1253583197317
18.92979831699995,3410.559775170444
18.947233133000054,3441.3899177163794
18.964924668000094,3391.4524658185123
18.982266255000013,3459.890954632955
18.999868311,3408.692711808459
19.017214220999904,3459.0286701783566
19.034784974000104,3414.7654343167223
19.052032343000064,3478.7914608968513
19.069619451000108,3411.589898683287
19.08698463199994,3455.1900150410725
19.10464382300006,3397.6641398572506
19.12189301400008,3478.424002605918
19.13950986100008,3405.8307936716656
19.156806708999966,3468.840103144305
19.174399284999936,3410.5295324631443
19.191651341999886,3477.8461490228015
19.209229438999955,3413.3387703893873
19.226606339,3452.8598311462583
19.24419198800001,3411.872942531769
19.261516907999976,3463.2194549886967
19.279257400999995,3382.0931582867843
19.296619300999964,3455.842966501782
19.314301720999993,3393.200704423038
19.331628359999968,3462.875864158388
19.349225156000102,3409.711631568706
19.366528304999974,3467.576913337776
19.384124736000103,3409.782358681703
19.401480854000056,3456.9942426160355
19.419149888999982,3395.7711895556563
19.436402518000023,3477.7308432157793
19.454089001000057,3392.4212066290656
19.471344025000008,3477.248133654906
19.488956289000043,3406.7170467055266
19.506267877000028,3465.8865495213417
19.523804203000054,3421.469240473089
19.54111125899999,3466.7941214393677
19.558756440000025,3400.3618324959625
19.576154588999998,3448.642726309113
19.593807634000086,3398.8470544146962
19.611098388000073,3470.062670491142
19.628650339999922,3418.4232044684704
19.645940885000073,3470.1046149486124
19.663567993000015,3403.8482092579297
19.680864737000093,3468.8609601744165
19.698535125000035,3395.511179505288
19.715834316999917,3468.3700834356127
19.733479496999962,3400.3620252016117
19.750640616000055,3496.275505092326
19.768160588,3424.6630074629516
19.78536764499995,3486.9414333998293
19.802800846000082,3441.7087257555195
19.82003212099994,3482.040649951539
19.83771157199999,3393.7705418473356
19.85518591999994,3433.604504166309
19.87309432899997,3350.3813766987123
19.890751748999946,3398.0049180500723
19.90854552299993,3371.9659471934406
19.925968517,3443.724999259833
19.943387915999892,3444.435712183569
19.96031929600008,3543.71586954732
19.97763577899991,3464.9068174284785
19.994668251999883,3522.682818877716
20.012031192999984,3455.6357704406205
20.029365748999908,3461.2943071783984
20.046813222000083,3438.8934145018534
20.06409074699991,3472.719616993857
20.081753271000025,3397.022984914647
20.099079701999926,3462.9174352376363
20.116690560000052,3406.9890291303445
20.134128552999982,3440.762936436514
20.15189415000009,3377.314030011986
20.169220685000028,3462.8966495732498
20.186930187999906,3388.011510001877
20.204181151000057,3478.0667026805095
20.221640653999884,3436.5239377428843
20.238951252000106,3466.0847649070656
20.256534714000054,3412.2973052848333
20.273797447000106,3475.6953026973274
20.291348668999944,3418.5653853932936
20.308761245999904,3445.785193090077
20.326386686999967,3404.1701424539
20.34365098300009,3475.3806352473694
20.361186267999983,3421.6723594946548
20.37846764699998,3471.945149748326
20.39597152500005,3427.8118254571036
20.413321967,3458.1251590113343
20.43082454299997,3428.0668171418515
20.44821540099997,3450.088546522776
20.46576964399992,3417.977066864825
20.48302242999989,3477.6991959500338
20.50069604800001,3394.890621694005
20.517943936999927,3478.686580153896
20.535595158999968,3399.198083841592
20.552886330000092,3469.978985203961
20.570426979000104,3420.625998499885
20.58776742100008,3460.1194133390413
20.605266143000108,3428.821830525996
20.6225190319999,3477.6784340711397
20.640034160999903,3425.6099398405504
20.657332049999923,3468.6313457053852
20.67490332500006,3414.663989922947
20.692171631000065,3474.573591641314
20.70980701999997,3402.249873837124
20.72704412799999,3480.862334907859
20.744687485999975,3400.713174898197
20.761907198000017,3484.378832808236
20.77939930599996,3430.118313938971
20.79660521599999,3487.173883851332
20.814131282000062,3423.472215598737
20.83137859899989,3478.8019493464963
20.848931331999893,3418.271103422599
20.866255783000042,3463.3132097220287
20.883838880999974,3412.3679456391897
20.901206717999912,3454.6616254064575
20.918730491999895,3423.919984362865
20.936007391999965,3472.845244213797
20.95371616600005,3388.150980960871
20.971098899000026,3451.701179560219
20.988739183999996,3401.3055911568727
21.006151031999934,3445.9294613767606
21.023736368000073,3411.9336701629127
21.041012538999894,3472.9917873943687
21.05847334500004,3436.267489570809
21.075604515999885,3502.3875484366104
21.09306500899993,3436.329088751863
21.110399930000085,3461.2214269369733
21.128399067999908,3333.4929706406365
21.145227791000025,3565.332913233109
21.162771669999984,3419.9962277521718
21.180050965999953,3472.3636888971196
21.197623386000032,3414.441494098792
21.214936536000096,3465.5738556980987
21.232471195000016,3421.7945156658607
21.249707158000092,3481.0935716058875
21.26717791100009,3434.3110454373436
21.284418353000092,3480.189197005087
21.301891033999937,3433.932090932891
21.31918121500007,3470.1776690210386
21.33678045800002,3409.2375450564377
21.354074545000003,3469.393903249264
21.371722278000107,3399.870113608825
21.388997146000065,3473.25374643348
21.406511806000026,3425.7016693521077
21.423769487000072,3476.7127750152854
21.44133081399991,3416.598301514961
21.458633443000053,3467.6811251925187
21.476140758999918,3427.138688789523
21.493359534000092,3484.5684434225846
21.51091398499989,3417.9365678081545
21.52828447899992,3454.1331985080287
21.546029293999936,3381.2694017914946
21.56344009999998,3446.135692962751
21.58122278099995,3374.069410574041
21.598572545000025,3458.2602967825173
21.616150642000093,3413.3387703893873
21.63338217799992,3481.987908715976
21.650746993999974,3455.2626414131737
21.66783076899992,3512.1043212163736
21.685241054000016,3446.238818012916
21.702322120999952,3512.661123583589
21.71964198899991,3464.229635014725
21.736731702000043,3510.884003700702
21.754180372000064,3438.6575022580946
21.771382271999983,3487.986792173273
21.78889906800009,3425.283938890797
21.806267946999924,3454.454372131863
21.823869480999974,3408.793801712298
21.841257630999962,3450.6258572672537
21.858903592999923,3400.211334476088
21.876212210999938,3466.4812638389917
21.893699839999954,3430.996849255338
21.911093458000096,3449.541090272902
21.92863426400004,3420.595382002177
21.945850850999932,3485.011285940194
21.963347385999896,3429.250420161706
21.98054314000001,3489.2334467918895
21.99806233100003,3424.8156778434286
22.015246888000092,3491.5069384550316
22.032859515999917,3406.646640160597
22.05025454099996,3449.2620734868947
22.067812065,3417.338344510526
22.08514677700009,3461.263157973401
22.102648676999934,3428.1992241150215
22.119811305999974,3495.967896285515
22.137306799000044,3429.4546601094203
22.154480469999953,3493.720125435972
22.1720178380001,3421.265950483104
22.189289269000028,3473.9449209654663
22.206939709999915,3399.3484922209104
22.224142235000045,3487.860067027802
22.241724134999913,3412.6004584515663
22.258966659999942,3479.7687693594708
22.276423924000028,3436.964692732159
22.293618323999908,3489.5082120002926
22.31111412900009,3429.3935031500873
22.32833837299995,3483.462031801129
22.34589969900003,3416.5984960210776
22.363142329000084,3479.7475790994686
22.380699020000066,3417.5004845766744
22.397936857000104,3480.71512683784
22.41554083999995,3408.3195831608205
22.432771594000087,3482.145935083169
22.450211566000007,3440.372496026652
22.467435445000092,3483.5358515758803
22.485011147000023,3413.8038981450445
22.502324713000007,3465.490586979842
22.51986395600011,3420.9002064487086
